{
    "ঢাকা": ["ঢাকা", "গাজীপুর", "নারায়ণগঞ্জ", "মানিকগঞ্জ", "মুন্সীগঞ্জ", "রাজবাড়ী", "গোপালগঞ্জ", "কিশোরগঞ্জ", "ফরিদপুর", "মাদারীপুর", "শরীয়তপুর", "টাঙ্গাইল", "নরসিংদী"],
    "চট্টগ্রাম": ["চট্টগ্রাম", "কক্সবাজার", "কুমিল্লা", "নোয়াখালী", "ব্রাহ্মণবাড়িয়া", "লক্ষ্মীপুর", "ফেনী", "খাগড়াছড়ি", "রাঙ্গামাটি", "বান্দরবান", "চাঁদপুর"],
    "রাজশাহী": ["রাজশাহী", "নাটোর", "বগুড়া", "চাঁপাইনবাবগঞ্জ", "নওগাঁ", "জয়পুরহাট", "সিরাজগঞ্জ", "পাবনা"],
    "খুলনা": ["খুলনা", "যশোর", "সাতক্ষীরা", "মাগুরা", "নড়াইল", "কুষ্টিয়া", "চুয়াডাঙ্গা", "মেহেরপুর", "ঝিনাইদহ", "বাগেরহাট"],
    "বরিশাল": ["বরিশাল", "ভোলা", "পটুয়াখালী", "ঝালকাঠি", "পিরোজপুর", "বরগুনা"],
    "সিলেট": ["সিলেট", "মৌলভীবাজার", "হবিগঞ্জ", "সুনামগঞ্জ"],
    "রংপুর": ["রংপুর", "দিনাজপুর", "গাইবান্ধা", "ঠাকুরগাঁও", "নীলফামারী", "লালমনিরহাট", "পঞ্চগড়", "কুড়িগ্রাম"],
    "ময়মনসিংহ": ["ময়মনসিংহ", "জামালপুর", "শেরপুর", "নেত্রকোণা"]
}
