{"v":"5.4.4","fr":30,"ip":0,"op":30,"w":1024,"h":1024,"nm":"Loading Icon","ddd":0,"assets":[],"layers":[{"ddd":0,"ind":1,"ty":4,"nm":"Loading Icon Outlines 2","sr":1,"ks":{"o":{"a":0,"k":100,"ix":11},"r":{"a":1,"k":[{"i":{"x":[0.833],"y":[0.833]},"o":{"x":[0.167],"y":[0.167]},"t":0,"s":[7],"e":[-7]},{"i":{"x":[0.833],"y":[0.833]},"o":{"x":[0.167],"y":[0.167]},"t":5,"s":[-7],"e":[7]},{"i":{"x":[0.833],"y":[1]},"o":{"x":[0.167],"y":[0.167]},"t":10,"s":[7],"e":[-7]},{"i":{"x":[0.833],"y":[0.833]},"o":{"x":[0.167],"y":[0]},"t":15,"s":[-7],"e":[7]},{"i":{"x":[0.833],"y":[0.833]},"o":{"x":[0.167],"y":[0.167]},"t":20,"s":[7],"e":[-7]},{"i":{"x":[0.833],"y":[0.833]},"o":{"x":[0.167],"y":[0.167]},"t":25,"s":[-7],"e":[7]},{"t":29}],"ix":10},"p":{"a":1,"k":[{"i":{"x":0.833,"y":0.833},"o":{"x":0.167,"y":0.133},"t":0,"s":[225,600,0],"e":[325,650,0],"to":[16.667,8.333,0],"ti":[-33.333,0,0]},{"i":{"x":0.833,"y":0.833},"o":{"x":0.167,"y":0.167},"t":5,"s":[325,650,0],"e":[425,600,0],"to":[33.333,0,0],"ti":[-33.333,0,0]},{"i":{"x":0.833,"y":0.855},"o":{"x":0.167,"y":0.167},"t":10,"s":[425,600,0],"e":[525,650,0],"to":[33.333,0,0],"ti":[4.167,0,0]},{"i":{"x":0.833,"y":0.833},"o":{"x":0.167,"y":0.122},"t":15,"s":[525,650,0],"e":[400,600,0],"to":[-4.167,0,0],"ti":[37.5,0,0]},{"i":{"x":0.833,"y":0.833},"o":{"x":0.167,"y":0.167},"t":20,"s":[400,600,0],"e":[300,650,0],"to":[-37.5,0,0],"ti":[29.167,0,0]},{"i":{"x":0.833,"y":0.913},"o":{"x":0.167,"y":0.167},"t":25,"s":[300,650,0],"e":[225,600,0],"to":[-29.167,0,0],"ti":[12.5,8.333,0]},{"t":29}],"ix":2},"a":{"a":0,"k":[512,512,0],"ix":1},"s":{"a":0,"k":[88.281,88.281,100],"ix":6}},"ao":0,"shapes":[{"ty":"gr","it":[{"ind":0,"ty":"sh","ix":1,"ks":{"a":0,"k":{"i":[[-0.87,2.274],[-5.867,7.451],[-14.665,17.493],[-7.911,5.212],[-3.369,1.802],[-4.86,1.723],[-0.154,0.062],[-14.784,2.307],[-3.634,0.783],[0,0],[0,0],[0,0],[0,0],[0,0],[0,0],[8.225,2.69],[0,0],[0,0],[4.744,3.577],[0,0],[0,0],[0,0],[-1.121,0],[0,0],[-1.122,0],[0,0],[0,0]],"o":[[3.436,-8.973],[10.992,-19.814],[5.752,-6.86],[2.597,-2.432],[4.591,-2.457],[0.142,-0.076],[13.934,-5.626],[3.5,-1.33],[0,0],[0,0],[0,0],[0,0],[0,0],[0,0],[0,0],[2.608,5.856],[0,0],[0,0],[2.167,4.539],[0,0],[0,0],[0,0],[1.121,0],[0,0],[1.12,0],[0,0],[-1.472,-1.008]],"v":[[-71.626,132.685],[-56.852,108.571],[-21.755,50.507],[-1.004,32.087],[7.884,25.699],[22.088,19.503],[22.519,19.278],[65.838,8.028],[76.54,4.959],[118.813,-63.33],[72.857,-159.725],[82.945,-109.286],[36.989,-83.505],[78.462,-67.718],[78.462,-22.978],[25.715,-33.374],[24.66,7.286],[-13.088,12.77],[-47.589,-5.438],[-39.23,22.978],[-42.593,61.088],[-85.187,56.604],[-53.802,76.78],[-66.132,105.923],[-117.691,123.857],[-107.604,159.725],[-70.218,137.715]],"c":true},"ix":2},"nm":"Path 1","mn":"ADBE Vector Shape - Group","hd":false},{"ty":"fl","c":{"a":0,"k":[1,1,1,1],"ix":4},"o":{"a":0,"k":100,"ix":5},"r":1,"bm":0,"nm":"Fill 1","mn":"ADBE Vector Graphic - Fill","hd":false},{"ty":"tr","p":{"a":0,"k":[893.186,177.921],"ix":2},"a":{"a":0,"k":[0,0],"ix":1},"s":{"a":0,"k":[100,100],"ix":3},"r":{"a":0,"k":0,"ix":6},"o":{"a":0,"k":100,"ix":7},"sk":{"a":0,"k":0,"ix":4},"sa":{"a":0,"k":0,"ix":5},"nm":"Transform"}],"nm":"Group 1","np":2,"cix":2,"bm":0,"ix":1,"mn":"ADBE Vector Group","hd":false},{"ty":"gr","it":[{"ind":0,"ty":"sh","ix":1,"ks":{"a":0,"k":{"i":[[2.241,2.242],[8.862,0.152],[1.09,-0.526],[1.366,2.134],[1.353,0.007],[-0.018,-0.199],[1.328,-3.05],[-4.408,-2.187],[0.418,-2.021],[0,-0.04],[5.312,0],[0,0],[0,0]],"o":[[-0.404,-0.404],[-1.046,0.586],[-3.179,1.536],[-1.285,-0.01],[0.033,0.188],[0.337,3.848],[4.31,0.097],[2.425,1.203],[0.001,0.04],[2.31,3.318],[0,0],[0,0],[0,0]],"v":[[16.582,-23.618],[1.727,-24.432],[-1.469,-22.753],[-8.77,-24.555],[-12.733,-24.58],[-12.654,-24.001],[-14.232,-13.602],[-1.711,-10.132],[0.987,-4.785],[0.985,-4.666],[-3.292,4.053],[-18.823,4.053],[-3.594,24.58]],"c":true},"ix":2},"nm":"Path 1","mn":"ADBE Vector Shape - Group","hd":false},{"ty":"fl","c":{"a":0,"k":[1,1,1,1],"ix":4},"o":{"a":0,"k":100,"ix":5},"r":1,"bm":0,"nm":"Fill 1","mn":"ADBE Vector Graphic - Fill","hd":false},{"ty":"tr","p":{"a":0,"k":[875.484,31.725],"ix":2},"a":{"a":0,"k":[0,0],"ix":1},"s":{"a":0,"k":[100,100],"ix":3},"r":{"a":0,"k":0,"ix":6},"o":{"a":0,"k":100,"ix":7},"sk":{"a":0,"k":0,"ix":4},"sa":{"a":0,"k":0,"ix":5},"nm":"Transform"}],"nm":"Group 2","np":2,"cix":2,"bm":0,"ix":2,"mn":"ADBE Vector Group","hd":false},{"ty":"gr","it":[{"ind":0,"ty":"sh","ix":1,"ks":{"a":0,"k":{"i":[[0,0],[0,0],[-1.332,0.205],[0.678,7.729],[-0.001,0.198],[0,0],[0,0],[0,0],[3.364,0],[0,0],[0,0],[2.645,5.793],[1.039,1.039]],"o":[[0,0],[0.657,-0.904],[7.274,-1.123],[-0.018,-0.211],[-48.466,-0.043],[0,0],[0,0],[0,0],[-3.362,0],[0,0],[0,0],[5.203,2.429],[-1.121,-1.121]],"v":[[39.499,-85.789],[82.752,-85.789],[85.719,-87.564],[96.57,-99.621],[96.547,-100.233],[-26.633,-99.24],[-97.248,87.948],[-55.775,100.276],[-70.348,35.267],[-41.204,0.52],[-3.095,27.419],[-12.785,-42.782],[39.499,-30.865]],"c":true},"ix":2},"nm":"Path 1","mn":"ADBE Vector Shape - Group","hd":false},{"ty":"fl","c":{"a":0,"k":[1,1,1,1],"ix":4},"o":{"a":0,"k":100,"ix":5},"r":1,"bm":0,"nm":"Fill 1","mn":"ADBE Vector Graphic - Fill","hd":false},{"ty":"tr","p":{"a":0,"k":[755.051,107.347],"ix":2},"a":{"a":0,"k":[0,0],"ix":1},"s":{"a":0,"k":[100,100],"ix":3},"r":{"a":0,"k":0,"ix":6},"o":{"a":0,"k":100,"ix":7},"sk":{"a":0,"k":0,"ix":4},"sa":{"a":0,"k":0,"ix":5},"nm":"Transform"}],"nm":"Group 3","np":2,"cix":2,"bm":0,"ix":3,"mn":"ADBE Vector Group","hd":false},{"ty":"gr","it":[{"ind":0,"ty":"sh","ix":1,"ks":{"a":0,"k":{"i":[[0,0],[0,0],[1.702,0],[0,0],[0,0],[0,0],[-6.724,3.362],[0,0],[-4.484,3.363],[0,0],[-4.484,5.605],[0,0],[0,0]],"o":[[0,0],[-0.888,0.862],[0,0],[0,0],[0,0],[0,0],[0,0],[0,0],[4.483,-3.363],[0,0],[4.483,-5.604],[0,0],[0,0]],"v":[[151.319,-186.066],[61.339,-169.902],[57.466,-168.483],[53.435,-168.483],[-35.868,-152.439],[-156.922,-8.967],[-150.198,138.989],[-51.561,-26.9],[-19.055,-41.473],[-126.659,186.066],[-29.142,133.384],[39.231,-3.363],[156.922,-49.319]],"c":true},"ix":2},"nm":"Path 1","mn":"ADBE Vector Shape - Group","hd":false},{"ty":"fl","c":{"a":0,"k":[0,0,0,1],"ix":4},"o":{"a":0,"k":100,"ix":5},"r":1,"bm":0,"nm":"Fill 1","mn":"ADBE Vector Graphic - Fill","hd":false},{"ty":"tr","p":{"a":0,"k":[814.725,204.261],"ix":2},"a":{"a":0,"k":[0,0],"ix":1},"s":{"a":0,"k":[100,100],"ix":3},"r":{"a":0,"k":0,"ix":6},"o":{"a":0,"k":100,"ix":7},"sk":{"a":0,"k":0,"ix":4},"sa":{"a":0,"k":0,"ix":5},"nm":"Transform"}],"nm":"Group 4","np":2,"cix":2,"bm":0,"ix":4,"mn":"ADBE Vector Group","hd":false},{"ty":"gr","it":[{"ind":0,"ty":"sh","ix":1,"ks":{"a":0,"k":{"i":[[0,0],[-4.674,8.415],[0,0],[1.676,-6.666]],"o":[[0.355,-0.886],[39.281,-70.731],[0,0],[-1.677,6.665]],"v":[[-110.282,194.883],[-102.479,180.479],[110.282,-194.883],[-73.58,173.263]],"c":true},"ix":2},"nm":"Path 1","mn":"ADBE Vector Shape - Group","hd":false},{"ty":"fl","c":{"a":0,"k":[0,0,0,1],"ix":4},"o":{"a":0,"k":100,"ix":5},"r":1,"bm":0,"nm":"Fill 1","mn":"ADBE Vector Graphic - Fill","hd":false},{"ty":"tr","p":{"a":0,"k":[664.7,380.239],"ix":2},"a":{"a":0,"k":[0,0],"ix":1},"s":{"a":0,"k":[100,100],"ix":3},"r":{"a":0,"k":0,"ix":6},"o":{"a":0,"k":100,"ix":7},"sk":{"a":0,"k":0,"ix":4},"sa":{"a":0,"k":0,"ix":5},"nm":"Transform"}],"nm":"Group 5","np":2,"cix":2,"bm":0,"ix":5,"mn":"ADBE Vector Group","hd":false},{"ty":"gr","it":[{"ind":0,"ty":"sh","ix":1,"ks":{"a":0,"k":{"i":[[0,0],[0,0],[3,-2],[3,0],[1,-1],[0,0],[0,0],[0,0],[0,0],[0,0],[0,0],[3,-3]],"o":[[0,0],[0,0],[-3,2],[-3,0],[-1,1],[0,0],[0,0],[0,0],[0,0],[0,0],[0,0],[-3,3]],"v":[[-231,301],[-164.045,274.757],[-72,98],[47,35],[35,-2],[70,-24],[111.309,-103.739],[231,-130],[231,-301],[18,-276],[-123,-104],[-109,46]],"c":true},"ix":2},"nm":"Path 1","mn":"ADBE Vector Shape - Group","hd":false},{"ty":"fl","c":{"a":0,"k":[1,1,1,1],"ix":4},"o":{"a":0,"k":100,"ix":5},"r":1,"bm":0,"nm":"Fill 1","mn":"ADBE Vector Graphic - Fill","hd":false},{"ty":"tr","p":{"a":0,"k":[757,308],"ix":2},"a":{"a":0,"k":[0,0],"ix":1},"s":{"a":0,"k":[100,100],"ix":3},"r":{"a":0,"k":0,"ix":6},"o":{"a":0,"k":100,"ix":7},"sk":{"a":0,"k":0,"ix":4},"sa":{"a":0,"k":0,"ix":5},"nm":"Transform"}],"nm":"Group 6","np":2,"cix":2,"bm":0,"ix":6,"mn":"ADBE Vector Group","hd":false},{"ty":"gr","it":[{"ind":0,"ty":"sh","ix":1,"ks":{"a":0,"k":{"i":[[4.912,-1.68],[45.737,-82.619],[0.65,-1.625],[-3.057,12.227],[-98.934,197.406]],"o":[[-99.521,175.581],[-8.55,15.445],[0,0],[2.052,-8.21],[-4.693,2.255]],"v":[[145.161,-267.593],[-145.287,247.11],[-159.562,273.548],[-92.309,233.808],[159.562,-273.548]],"c":true},"ix":2},"nm":"Path 1","mn":"ADBE Vector Shape - Group","hd":false},{"ty":"fl","c":{"a":0,"k":[1,1,1,1],"ix":4},"o":{"a":0,"k":100,"ix":5},"r":1,"bm":0,"nm":"Fill 1","mn":"ADBE Vector Graphic - Fill","hd":false},{"ty":"tr","p":{"a":0,"k":[685.101,335.452],"ix":2},"a":{"a":0,"k":[0,0],"ix":1},"s":{"a":0,"k":[100,100],"ix":3},"r":{"a":0,"k":0,"ix":6},"o":{"a":0,"k":100,"ix":7},"sk":{"a":0,"k":0,"ix":4},"sa":{"a":0,"k":0,"ix":5},"nm":"Transform"}],"nm":"Group 7","np":2,"cix":2,"bm":0,"ix":7,"mn":"ADBE Vector Group","hd":false}],"ip":0,"op":30,"st":0,"bm":0},{"ddd":0,"ind":2,"ty":4,"nm":"Loading Icon Outlines","sr":1,"ks":{"o":{"a":0,"k":100,"ix":11},"r":{"a":0,"k":0,"ix":10},"p":{"a":0,"k":[496,588,0],"ix":2},"a":{"a":0,"k":[512,512,0],"ix":1},"s":{"a":0,"k":[88.281,88.281,100],"ix":6}},"ao":0,"shapes":[{"ty":"gr","it":[{"ind":0,"ty":"sh","ix":1,"ks":{"a":0,"k":{"i":[[0,0],[0,0],[1.887,-6],[0,0]],"o":[[0,0],[0,0],[-1.886,6],[0,0]],"v":[[-41.5,-26.5],[41.5,-26.5],[12.386,20.5],[-25.5,20.5]],"c":true},"ix":2},"nm":"Path 1","mn":"ADBE Vector Shape - Group","hd":false},{"ty":"fl","c":{"a":0,"k":[1,1,1,1],"ix":4},"o":{"a":0,"k":100,"ix":5},"r":1,"bm":0,"nm":"Fill 1","mn":"ADBE Vector Graphic - Fill","hd":false},{"ty":"tr","p":{"a":0,"k":[318.5,887.5],"ix":2},"a":{"a":0,"k":[0,0],"ix":1},"s":{"a":0,"k":[100,100],"ix":3},"r":{"a":0,"k":0,"ix":6},"o":{"a":0,"k":100,"ix":7},"sk":{"a":0,"k":0,"ix":4},"sa":{"a":0,"k":0,"ix":5},"nm":"Transform"}],"nm":"Group 8","np":2,"cix":2,"bm":0,"ix":1,"mn":"ADBE Vector Group","hd":false},{"ty":"gr","it":[{"ind":0,"ty":"sh","ix":1,"ks":{"a":0,"k":{"i":[[0,-22.95],[18.778,0],[0,22.95],[-18.778,0]],"o":[[0,22.95],[-18.778,0],[0,-22.95],[18.778,0]],"v":[[34,0],[0,41.556],[-34,0],[0,-41.556]],"c":true},"ix":2},"nm":"Path 1","mn":"ADBE Vector Shape - Group","hd":false},{"ty":"fl","c":{"a":0,"k":[0,0,0,1],"ix":4},"o":{"a":0,"k":100,"ix":5},"r":1,"bm":0,"nm":"Fill 1","mn":"ADBE Vector Graphic - Fill","hd":false},{"ty":"tr","p":{"a":0,"k":[315,861.444],"ix":2},"a":{"a":0,"k":[0,0],"ix":1},"s":{"a":0,"k":[100,100],"ix":3},"r":{"a":0,"k":0,"ix":6},"o":{"a":0,"k":100,"ix":7},"sk":{"a":0,"k":0,"ix":4},"sa":{"a":0,"k":0,"ix":5},"nm":"Transform"}],"nm":"Group 9","np":2,"cix":2,"bm":0,"ix":2,"mn":"ADBE Vector Group","hd":false},{"ty":"gr","it":[{"ind":0,"ty":"sh","ix":1,"ks":{"a":0,"k":{"i":[],"o":[],"v":[],"c":true},"ix":2},"nm":"Path 1","mn":"ADBE Vector Shape - Group","hd":false},{"ty":"fl","c":{"a":0,"k":[1,1,1,1],"ix":4},"o":{"a":0,"k":100,"ix":5},"r":1,"bm":0,"nm":"Fill 1","mn":"ADBE Vector Graphic - Fill","hd":false},{"ty":"tr","p":{"a":0,"k":[0.5,0.5],"ix":2},"a":{"a":0,"k":[0,0],"ix":1},"s":{"a":0,"k":[100,100],"ix":3},"r":{"a":0,"k":0,"ix":6},"o":{"a":0,"k":100,"ix":7},"sk":{"a":0,"k":0,"ix":4},"sa":{"a":0,"k":0,"ix":5},"nm":"Transform"}],"nm":"Group 10","np":2,"cix":2,"bm":0,"ix":3,"mn":"ADBE Vector Group","hd":false},{"ty":"gr","it":[{"ind":0,"ty":"sh","ix":1,"ks":{"a":0,"k":{"i":[[0,-30.376],[24.853,0],[0,30.376],[-24.853,0]],"o":[[0,30.376],[-24.853,0],[0,-30.376],[24.853,0]],"v":[[45,0],[0,55],[-45,0],[0,-55]],"c":true},"ix":2},"nm":"Path 1","mn":"ADBE Vector Shape - Group","hd":false},{"ty":"fl","c":{"a":0,"k":[1,1,1,1],"ix":4},"o":{"a":0,"k":100,"ix":5},"r":1,"bm":0,"nm":"Fill 1","mn":"ADBE Vector Graphic - Fill","hd":false},{"ty":"tr","p":{"a":0,"k":[315,862],"ix":2},"a":{"a":0,"k":[0,0],"ix":1},"s":{"a":0,"k":[100,100],"ix":3},"r":{"a":0,"k":0,"ix":6},"o":{"a":0,"k":100,"ix":7},"sk":{"a":0,"k":0,"ix":4},"sa":{"a":0,"k":0,"ix":5},"nm":"Transform"}],"nm":"Group 11","np":2,"cix":2,"bm":0,"ix":4,"mn":"ADBE Vector Group","hd":false},{"ty":"gr","it":[{"ind":0,"ty":"sh","ix":1,"ks":{"a":0,"k":{"i":[[25.85,0],[0,0],[0,25.85],[-25.85,0],[0,0],[0,-25.85]],"o":[[0,0],[-25.85,0],[0,-25.85],[0,0],[25.85,0],[0,25.85]],"v":[[178,47],[-178,47],[-225,0],[-178,-47],[178,-47],[225,0]],"c":true},"ix":2},"nm":"Path 1","mn":"ADBE Vector Shape - Group","hd":false},{"ty":"fl","c":{"a":0,"k":[0,0,0,1],"ix":4},"o":{"a":0,"k":100,"ix":5},"r":1,"bm":0,"nm":"Fill 1","mn":"ADBE Vector Graphic - Fill","hd":false},{"ty":"tr","p":{"a":0,"k":[526,861],"ix":2},"a":{"a":0,"k":[0,0],"ix":1},"s":{"a":0,"k":[100,100],"ix":3},"r":{"a":0,"k":0,"ix":6},"o":{"a":0,"k":100,"ix":7},"sk":{"a":0,"k":0,"ix":4},"sa":{"a":0,"k":0,"ix":5},"nm":"Transform"}],"nm":"Group 12","np":2,"cix":2,"bm":0,"ix":5,"mn":"ADBE Vector Group","hd":false},{"ty":"gr","it":[{"ind":0,"ty":"sh","ix":1,"ks":{"a":0,"k":{"i":[[31.9,0],[0,0],[0,31.9],[0,0],[-31.9,0],[0,0],[0,-31.9],[0,0]],"o":[[0,0],[-31.9,0],[0,0],[0,-31.9],[0,0],[31.9,0],[0,0],[0,31.9]],"v":[[191,59.802],[-191,59.802],[-249,1.802],[-249,-1.802],[-191,-59.802],[191,-59.802],[249,-1.802],[249,1.802]],"c":true},"ix":2},"nm":"Path 1","mn":"ADBE Vector Shape - Group","hd":false},{"ty":"fl","c":{"a":0,"k":[1,1,1,1],"ix":4},"o":{"a":0,"k":100,"ix":5},"r":1,"bm":0,"nm":"Fill 1","mn":"ADBE Vector Graphic - Fill","hd":false},{"ty":"tr","p":{"a":0,"k":[526,862.198],"ix":2},"a":{"a":0,"k":[0,0],"ix":1},"s":{"a":0,"k":[100,100],"ix":3},"r":{"a":0,"k":0,"ix":6},"o":{"a":0,"k":100,"ix":7},"sk":{"a":0,"k":0,"ix":4},"sa":{"a":0,"k":0,"ix":5},"nm":"Transform"}],"nm":"Group 13","np":2,"cix":2,"bm":0,"ix":6,"mn":"ADBE Vector Group","hd":false},{"ty":"gr","it":[{"ind":0,"ty":"sh","ix":1,"ks":{"a":0,"k":{"i":[[81.521,0.417],[0,0],[-81.521,-0.416],[0,0]],"o":[[0,0],[0,0],[0,0],[0,0]],"v":[[-296.411,-250.754],[-114.5,251],[296.411,250.754],[114.5,-251]],"c":true},"ix":2},"nm":"Path 1","mn":"ADBE Vector Shape - Group","hd":false},{"ty":"fl","c":{"a":0,"k":[0,0,0,1],"ix":4},"o":{"a":0,"k":100,"ix":5},"r":1,"bm":0,"nm":"Fill 1","mn":"ADBE Vector Graphic - Fill","hd":false},{"ty":"tr","p":{"a":0,"k":[407.5,657],"ix":2},"a":{"a":0,"k":[0,0],"ix":1},"s":{"a":0,"k":[100,100],"ix":3},"r":{"a":0,"k":0,"ix":6},"o":{"a":0,"k":100,"ix":7},"sk":{"a":0,"k":0,"ix":4},"sa":{"a":0,"k":0,"ix":5},"nm":"Transform"}],"nm":"Group 14","np":2,"cix":2,"bm":0,"ix":7,"mn":"ADBE Vector Group","hd":false},{"ty":"gr","it":[{"ind":0,"ty":"sh","ix":1,"ks":{"a":0,"k":{"i":[[0,0],[0,0],[0,0],[0,0]],"o":[[0,0],[0,0],[0,0],[0,0]],"v":[[253.11,148.962],[-110.747,246.43],[-253.11,-148.962],[110.747,-246.43]],"c":true},"ix":2},"nm":"Path 1","mn":"ADBE Vector Shape - Group","hd":false},{"ty":"fl","c":{"a":0,"k":[0,0,0,1],"ix":4},"o":{"a":0,"k":100,"ix":5},"r":1,"bm":0,"nm":"Fill 1","mn":"ADBE Vector Graphic - Fill","hd":false},{"ty":"tr","p":{"a":0,"k":[403,655.706],"ix":2},"a":{"a":0,"k":[0,0],"ix":1},"s":{"a":0,"k":[100,100],"ix":3},"r":{"a":0,"k":0,"ix":6},"o":{"a":0,"k":100,"ix":7},"sk":{"a":0,"k":0,"ix":4},"sa":{"a":0,"k":0,"ix":5},"nm":"Transform"}],"nm":"Group 15","np":2,"cix":2,"bm":0,"ix":8,"mn":"ADBE Vector Group","hd":false},{"ty":"gr","it":[{"ind":0,"ty":"sh","ix":1,"ks":{"a":0,"k":{"i":[[86.88,0.444],[0,0],[-86.88,-0.445],[0,0]],"o":[[0,0],[0,0],[0,0],[0,0]],"v":[[-315.896,-267.238],[-122.026,267.5],[315.896,267.239],[122.027,-267.5]],"c":true},"ix":2},"nm":"Path 1","mn":"ADBE Vector Shape - Group","hd":false},{"ty":"fl","c":{"a":0,"k":[1,1,1,1],"ix":4},"o":{"a":0,"k":100,"ix":5},"r":1,"bm":0,"nm":"Fill 1","mn":"ADBE Vector Graphic - Fill","hd":false},{"ty":"tr","p":{"a":0,"k":[407.985,657.5],"ix":2},"a":{"a":0,"k":[0,0],"ix":1},"s":{"a":0,"k":[100,100],"ix":3},"r":{"a":0,"k":0,"ix":6},"o":{"a":0,"k":100,"ix":7},"sk":{"a":0,"k":0,"ix":4},"sa":{"a":0,"k":0,"ix":5},"nm":"Transform"}],"nm":"Group 16","np":2,"cix":2,"bm":0,"ix":9,"mn":"ADBE Vector Group","hd":false},{"ty":"gr","it":[{"ind":0,"ty":"sh","ix":1,"ks":{"a":0,"k":{"i":[[0,0],[0,0],[0,0],[0,0]],"o":[[0,0],[0,0],[0,0],[0,0]],"v":[[269.749,158.754],[-118.026,262.63],[-269.749,-158.754],[118.028,-262.629]],"c":true},"ix":2},"nm":"Path 1","mn":"ADBE Vector Shape - Group","hd":false},{"ty":"fl","c":{"a":0,"k":[1,1,1,1],"ix":4},"o":{"a":0,"k":100,"ix":5},"r":1,"bm":0,"nm":"Fill 1","mn":"ADBE Vector Graphic - Fill","hd":false},{"ty":"tr","p":{"a":0,"k":[403.189,656.121],"ix":2},"a":{"a":0,"k":[0,0],"ix":1},"s":{"a":0,"k":[100,100],"ix":3},"r":{"a":0,"k":0,"ix":6},"o":{"a":0,"k":100,"ix":7},"sk":{"a":0,"k":0,"ix":4},"sa":{"a":0,"k":0,"ix":5},"nm":"Transform"}],"nm":"Group 17","np":2,"cix":2,"bm":0,"ix":10,"mn":"ADBE Vector Group","hd":false},{"ty":"gr","it":[{"ind":0,"ty":"sh","ix":1,"ks":{"a":0,"k":{"i":[[1.125,-1.549],[1.352,0.505],[-1.037,-0.989],[-3.637,-0.816],[0.722,1.162],[2.074,0.781],[1.916,-0.53],[-0.53,-1.186],[-1.848,-0.363],[1.365,1.01],[2.27,0.37],[-0.043,-1.061],[-3.93,2.457],[1.784,1.217],[3.286,-0.704],[-0.169,-0.754],[-2.317,0.712],[-0.517,1.303],[0.986,0.824],[-1.17,-1.514],[-0.066,-0.086],[-0.487,0.083],[-0.129,1.106],[0.221,-1.897],[-0.169,0.223],[-0.486,-0.128],[0.067,0.086],[0,0],[-0.423,0.288],[0.779,-0.111],[0.076,0.341],[0.349,-0.615],[-1.523,-0.428],[0.068,-0.16],[0.464,-0.01],[1.284,0.435],[0.051,1.299],[0.633,-0.482],[-1.654,-1.224],[-0.386,0.914],[-0.086,0.812],[0.247,-0.432],[-0.805,-0.215],[-1.01,-1.626],[-0.565,0.735],[2.334,2.229],[0.487,-0.836],[-2.722,3.75]],"o":[[-1.13,1.556],[-1.433,-0.534],[2.692,2.572],[1.225,0.274],[-1.169,-1.883],[-1.798,-0.677],[-1.279,0.354],[0.861,1.928],[1.721,0.338],[-1.85,-1.368],[-0.911,-0.149],[0.21,5.275],[2.075,-1.297],[-2.824,-1.926],[-0.819,0.175],[0.713,3.196],[1.233,-0.38],[0.576,-1.451],[-1.51,-1.261],[0.066,0.085],[0.339,0.437],[1.204,-0.206],[0.223,-1.914],[0.169,-0.223],[0.487,0.128],[-0.067,-0.085],[0,0],[0.825,0.689],[-0.669,0.455],[-0.425,0.06],[-0.349,0.615],[1.54,-0.329],[0.14,0.039],[0.285,-0.676],[-1.355,0.029],[-1.025,-0.347],[-0.633,0.482],[2.033,0.332],[0.386,-0.914],[-0.504,-0.099],[-0.248,0.432],[0.506,-0.237],[1.812,0.483],[0.564,-0.734],[-3.143,-0.705],[-0.487,0.836],[3.438,1.281],[1.136,-1.564]],"v":[[3.461,-3.495],[-3.834,-5],[-5.293,-2.493],[4.193,2.617],[5.887,0.413],[1.022,-3.526],[-6.083,-4.54],[-7.343,-1.644],[-1.527,1.588],[-0.372,-1.154],[-6.463,-3.724],[-8.361,-2.278],[6.329,3.368],[6.076,-1.197],[-3.474,-2.822],[-4.521,-0.977],[4.217,0.963],[7.732,-1.283],[5.996,-4.452],[3.875,-2.33],[4.073,-2.073],[5.533,-1.687],[7.227,-3.911],[4.227,-3.911],[4.735,-4.58],[6.195,-4.195],[5.996,-4.452],[3.875,-2.33],[4.546,-2.37],[2.052,-1.641],[-1.629,-1.775],[-2.676,0.07],[1.899,0.15],[4.216,1.158],[2.686,1.1],[-1.31,0.479],[-5.361,-2.278],[-7.26,-0.831],[-1.886,1.437],[-0.729,-1.305],[-4.49,-2.951],[-5.233,-1.655],[-1.057,-1.042],[3.297,1.927],[4.991,-0.276],[-3.172,-4.614],[-4.632,-2.107],[6.051,-1.981]],"c":true},"ix":2},"nm":"Path 1","mn":"ADBE Vector Shape - Group","hd":false},{"ty":"fl","c":{"a":0,"k":[1,1,1,1],"ix":4},"o":{"a":0,"k":100,"ix":5},"r":1,"bm":0,"nm":"Fill 1","mn":"ADBE Vector Graphic - Fill","hd":false},{"ty":"tr","p":{"a":0,"k":[108.936,500.862],"ix":2},"a":{"a":0,"k":[0,0],"ix":1},"s":{"a":0,"k":[100,100],"ix":3},"r":{"a":0,"k":0,"ix":6},"o":{"a":0,"k":100,"ix":7},"sk":{"a":0,"k":0,"ix":4},"sa":{"a":0,"k":0,"ix":5},"nm":"Transform"}],"nm":"Group 18","np":2,"cix":2,"bm":0,"ix":11,"mn":"ADBE Vector Group","hd":false},{"ty":"gr","it":[{"ind":0,"ty":"sh","ix":1,"ks":{"a":0,"k":{"i":[[0,0],[0,0],[1,0],[0,0]],"o":[[0,0],[0,0],[-1,0],[0,0]],"v":[[-43,-24],[24,-24],[42,24],[-24,17]],"c":true},"ix":2},"nm":"Path 1","mn":"ADBE Vector Shape - Group","hd":false},{"ty":"fl","c":{"a":0,"k":[1,1,1,1],"ix":4},"o":{"a":0,"k":100,"ix":5},"r":1,"bm":0,"nm":"Fill 1","mn":"ADBE Vector Graphic - Fill","hd":false},{"ty":"tr","p":{"a":0,"k":[99,479],"ix":2},"a":{"a":0,"k":[0,0],"ix":1},"s":{"a":0,"k":[100,100],"ix":3},"r":{"a":0,"k":0,"ix":6},"o":{"a":0,"k":100,"ix":7},"sk":{"a":0,"k":0,"ix":4},"sa":{"a":0,"k":0,"ix":5},"nm":"Transform"}],"nm":"Group 19","np":2,"cix":2,"bm":0,"ix":12,"mn":"ADBE Vector Group","hd":false},{"ty":"gr","it":[{"ind":0,"ty":"sh","ix":1,"ks":{"a":0,"k":{"i":[[25.85,0],[0,0],[0,25.85],[-25.85,0],[0,0],[0,-25.85]],"o":[[0,0],[-25.85,0],[0,-25.85],[0,0],[25.85,0],[0,25.85]],"v":[[178,47],[-178,47],[-225,0],[-178,-47],[178,-47],[225,0]],"c":true},"ix":2},"nm":"Path 1","mn":"ADBE Vector Shape - Group","hd":false},{"ty":"fl","c":{"a":0,"k":[0,0,0,1],"ix":4},"o":{"a":0,"k":100,"ix":5},"r":1,"bm":0,"nm":"Fill 1","mn":"ADBE Vector Graphic - Fill","hd":false},{"ty":"tr","p":{"a":0,"k":[290,453],"ix":2},"a":{"a":0,"k":[0,0],"ix":1},"s":{"a":0,"k":[100,100],"ix":3},"r":{"a":0,"k":0,"ix":6},"o":{"a":0,"k":100,"ix":7},"sk":{"a":0,"k":0,"ix":4},"sa":{"a":0,"k":0,"ix":5},"nm":"Transform"}],"nm":"Group 20","np":2,"cix":2,"bm":0,"ix":13,"mn":"ADBE Vector Group","hd":false},{"ty":"gr","it":[{"ind":0,"ty":"sh","ix":1,"ks":{"a":0,"k":{"i":[[31.9,0],[0,0],[0,31.9],[0,0],[-31.9,0],[0,0],[0,-31.899],[0,0]],"o":[[0,0],[-31.9,0],[0,0],[0,-31.899],[0,0],[31.9,0],[0,0],[0,31.9]],"v":[[191,59.801],[-191,59.801],[-249,1.801],[-249,-1.801],[-191,-59.801],[191,-59.801],[249,-1.801],[249,1.801]],"c":true},"ix":2},"nm":"Path 1","mn":"ADBE Vector Shape - Group","hd":false},{"ty":"fl","c":{"a":0,"k":[1,1,1,1],"ix":4},"o":{"a":0,"k":100,"ix":5},"r":1,"bm":0,"nm":"Fill 1","mn":"ADBE Vector Graphic - Fill","hd":false},{"ty":"tr","p":{"a":0,"k":[295,450.199],"ix":2},"a":{"a":0,"k":[0,0],"ix":1},"s":{"a":0,"k":[100,100],"ix":3},"r":{"a":0,"k":0,"ix":6},"o":{"a":0,"k":100,"ix":7},"sk":{"a":0,"k":0,"ix":4},"sa":{"a":0,"k":0,"ix":5},"nm":"Transform"}],"nm":"Group 21","np":2,"cix":2,"bm":0,"ix":14,"mn":"ADBE Vector Group","hd":false}],"ip":0,"op":30,"st":0,"bm":0}],"markers":[]}